Time,Obstacle Distance,Obstacle Height,Obstacle Size,Velocity,Dino Jumping,Dino Ducking,Action
400,497.9792785644531,357.0,23.0,304.0,0.0,0.0,2
1000,313.1729431152344,357.0,23.0,310.0,0.0,0.0,2
1200,251.5987548828125,357.0,23.0,312.0,0.0,0.0,2
1400,188.3742218017578,357.0,23.0,314.0,0.0,0.0,2
1700,93.72560119628906,357.0,23.0,317.0,0.0,0.0,2
1800,62.29462814331055,357.0,23.0,318.0,0.0,0.0,2
