Time,Obstacle Distance,Obstacle Height,Obstacle Size,Velocity,Dino Jumping,Dino Ducking,Action
200,533.3104248046875,320.0,30.0,302.0,0.0,0.0,2
900,319.46734619140625,320.0,30.0,309.0,0.0,0.0,2
943,306.1715393066406,320.0,30.0,309.42999267578125,0.0,1.0,1
1000,288.5184326171875,320.0,30.0,310.0,0.0,1.0,2
1200,226.32054138183594,320.0,30.0,312.0,0.0,1.0,2
1300,194.75860595703125,320.0,30.0,313.0,0.0,1.0,2
1600,100.72479248046875,320.0,30.0,316.0,0.0,1.0,2
1700,69.07585906982422,320.0,30.0,317.0,0.0,1.0,2
1900,5.478020191192627,320.0,30.0,319.0,0.0,1.0,2
