Time,Obstacle Distance,Obstacle Height,Obstacle Size,Velocity,Dino Jumping,Dino Ducking,Action
1000,305.6438293457031,320.0,30.0,310.0,0.0,0.0,2
1300,212.81968688964844,320.0,30.0,313.0,0.0,0.0,2
1500,149.70864868164062,320.0,30.0,315.0,0.0,0.0,2
1510,147.1884002685547,320.0,30.0,315.1000061035156,0.0,1.0,1
1800,55.07965850830078,320.0,30.0,318.0,0.0,1.0,2
2000,454.74566650390625,359.0,21.0,320.0,0.0,1.0,2
