Time,Obstacle Distance,Obstacle Height,Obstacle Size,Velocity,Dino Jumping,Dino Ducking,Action
1200,281.1583251953125,320.0,30.0,312.0,0.0,0.0,2
1500,187.11502075195312,320.0,30.0,315.0,0.0,0.0,2
1900,60.32352828979492,320.0,30.0,319.0,0.0,0.0,2
2000,28.37582015991211,320.0,30.0,320.0,0.0,0.0,2
